StateExp,Cue,PrAn,tDev,RuleChoice,TF,SW,Nback,mu_switch_estimated,pr_of_switch,rnn_pre_prSwi,conds_9,hidden_state_1,hidden_state_2,hidden_state_3,hidden_state_4,hidden_state_5,hidden_state_6,hidden_state_7,hidden_state_8,hidden_state_9,hidden_state_10,hidden_state_11,hidden_state_12,hidden_state_13,hidden_state_14,hidden_state_15,hidden_state_16,hidden_state_17,hidden_state_18,hidden_state_19,hidden_state_20,hidden_state_21,hidden_state_22,hidden_state_23,hidden_state_24,hidden_state_25,hidden_state_26,hidden_state_27,hidden_state_28,hidden_state_29,hidden_state_30,hidden_state_31,hidden_state_32
1,0,0,3,0,1,0,0,0,0,0.02689774,3,-0.3308207,-0.7964751,0.1758054,0.6229271,-0.7415299,-0.6347625,0.6721687,0.3800039,0.9212103,-0.3092146,0.9409247,-0.7992274,0.96614,0.6208199,-0.6773337,-0.9607984,0.5627316,-0.7229071,-0.4706934,-0.4342882,-0.8880488,-0.8496666,0.825361,-0.7102415,0.2232564,-0.8192138,-0.1033286,0.6733127,-0.8264955,-0.07825121,-0.1660415,0.6770627
1,0,0,2,0,0,0,1,0.59836559425117,0.294648795527517,0.3684219,5,0.4415208,0.871269,0.390928,0.1256303,-0.5537164,-0.9507954,-0.1905944,-0.09005017,0.7101563,-0.08992296,0.3375498,-0.5782024,-0.6534746,0.8443002,-0.5756747,-0.2104398,-0.6534243,0.0100909,-0.4099121,-0.2589743,-0.5435795,-0.5924016,-0.5158448,-0.3698084,-0.6457835,0.3919785,0.03552121,-0.09820937,-0.7768956,-0.163882,-0.3316692,0.1843511
1,0,0,1,0,0,0,2,0.881580366551341,0.442235284653658,0.4392878,7,0.7581334,-0.3662988,0.555958,0.05051411,-0.2328497,0.7711367,0.3203675,-0.6742792,0.2057031,-0.248285,0.6013866,0.6062709,0.6837323,0.2674405,0.3561763,-0.05236237,6.718189e-05,0.1032977,-0.1164437,-0.8392694,0.1193538,-0.6142967,0.6775232,-0.4868004,0.26969,-0.2040966,-0.6004793,-0.03664907,-0.6525956,0.2972021,0.1215593,-0.293617
1,0,0,1,0,1,0,0,0,0,0.03756862,1,-0.4892969,0.7647933,-0.4880871,-0.1470031,-0.5078655,-0.8075333,-0.4241556,0.3347942,0.669032,-0.5378797,0.6031371,-0.5886927,0.765325,0.3644896,-0.8390621,-0.3503093,0.4014822,-0.8433865,0.02444466,-0.04569096,-0.6279216,-0.6898209,-0.008225434,0.01703905,0.3906896,-0.08064001,-0.2781717,0.4424672,-0.5190476,0.8251892,-0.1265241,0.8346586
1,0,1,2,0,1,0,0,0,0,0.01644053,2,0.1314747,0.3613904,-0.2732994,-0.3920815,0.4159318,-0.8692211,0.7930749,0.06699479,0.8483557,-0.7636668,-0.727459,-0.8130382,0.06197249,0.7674326,-0.4879512,-0.5676679,-0.01426527,0.1127954,0.2975466,-0.3018806,-0.755774,-0.7973937,0.03146807,-0.7037249,-0.6015654,-0.4679047,-0.6443037,0.2730234,-0.9373668,0.3588457,0.7239879,0.6990638
1,0,0,3,0,1,0,0,0,0,0.03511203,3,-0.5642038,0.6878122,0.601214,-0.1775798,0.7709559,0.2543263,0.6603712,-0.4241526,0.8033587,-0.5559485,0.1878692,0.2121493,-0.01171753,0.5827155,-0.6539435,-0.6037112,0.5533614,-0.658192,0.9118297,-0.05723146,-0.6155018,-0.5000935,0.8637006,-0.803409,-0.2183121,0.5936369,-0.6034211,0.6477185,-0.9331515,-0.3873978,0.5842896,-0.231128
1,0,1,3,0,1,0,0,0,0,0.02513388,3,0.1522437,0.1891914,-0.296711,-0.6988335,0.2468479,-0.7145293,0.3748096,-0.6518003,0.5105704,-0.6555107,-0.6484291,-0.7207226,0.5249207,0.2958767,-0.4597972,-0.2377478,0.6780317,-0.7769157,0.5929573,-0.6234437,-0.5431394,-0.4789367,-0.1428915,-0.4862032,0.5768141,-0.1522759,-0.928517,0.6832913,-0.9872658,-0.05388064,-0.4686404,0.4175999
1,0,0,1,0,1,0,0,0,0,0.01392045,1,-0.588358,0.7809113,-0.1072934,-0.7861297,0.4672488,-0.9694548,0.5430393,0.587314,0.9264033,-0.09659415,-0.4143517,-0.3225391,0.6168354,0.5877279,-0.5633485,-0.9313861,0.2570159,-0.5575106,0.3705838,-0.2351686,-0.8810117,-0.1313546,0.7833431,-0.7841584,-0.178379,-0.4823976,-0.8073967,-0.01933769,-0.8994342,-0.01285542,0.2934267,0.4334042
1,1,0,3,0,0,0,1,0.905819476399812,0.470868047786929,0.4697251,6,0.4559197,0.5195428,0.5066684,-0.8224727,0.4489598,-0.106692,0.193806,-0.4986173,0.7776268,0.2449824,-0.07115947,0.3183302,-0.3526421,0.06396807,-0.002199788,-0.4357401,-0.3939038,0.1891293,0.6317746,-0.6377448,0.02125208,-0.168247,0.1911548,-0.5461136,-0.6158796,0.5752033,-0.05207212,-0.339591,-0.7618624,-0.2580122,0.2646569,-0.4645421
1,1,0,1,1,1,0,0,0,0,0.02642957,1,0.1419335,0.5736049,-0.355673,-0.3389174,0.3447426,0.3467607,0.4469338,-0.3163594,0.5517133,-0.3245395,-0.1171577,0.04452876,0.8733154,-0.06044645,-0.6773311,-0.337134,0.6308226,-0.8423147,0.7115841,-0.5722862,-0.4102958,-0.4414398,0.6522335,-0.4966935,0.7585229,-0.1322994,-0.9053888,0.4631338,-0.5636017,0.7965239,0.01857607,0.2729058
1,1,1,2,1,1,0,0,0,0,0.02322504,2,-0.3704482,0.8336134,-0.419311,-0.8918565,-0.1669341,-0.9471592,0.2727435,0.2923951,0.8667868,-0.5392367,-0.6541788,-0.8624104,0.3487816,0.3335119,-0.7072827,-0.7151453,-0.03914287,-0.507159,0.1081872,-0.03335029,-0.9231775,-0.21059,-0.5468161,-0.5287349,-0.6381895,-0.4798623,-0.7287776,0.245941,-0.8842539,0.5676482,0.610164,0.8608471
1,1,0,3,1,1,0,0,0,0,0.03167739,3,-0.09504365,0.2669629,0.498394,-0.06846394,0.7471214,0.06834075,0.8234363,-0.3177464,0.7664517,-0.5663995,-0.2141353,-0.08289298,0.4429527,0.6037643,-0.5547127,-0.4810883,0.5275652,-0.1781454,0.9050221,-0.1520415,-0.504899,-0.5931575,0.9305822,-0.825308,-0.2799264,-0.01614246,-0.3705936,0.5648886,-0.929701,-0.4484645,0.8226864,-0.106344
1,1,1,2,1,1,0,0,0,0,0.02619044,2,-0.2417365,0.8527718,-0.210658,-0.6655174,0.3115494,-0.8302091,0.3701697,-0.6403206,0.4661136,-0.6104095,-0.3094679,-0.6779999,0.2327624,0.6020281,-0.8329501,-0.3139773,0.5314431,-0.875928,0.702332,-0.01409412,-0.8028305,-0.2148005,-0.4549834,-0.5193521,-0.05397759,0.5962109,-0.886525,0.7435195,-0.9695566,0.08005293,-0.324571,0.1560142
1,1,1,2,1,1,0,0,0,0,0.01790288,2,0.09568328,0.362043,-0.05671117,-0.7488332,0.1870208,-0.9034918,0.7936395,-0.1444553,0.8026006,-0.2693086,-0.7799386,-0.4940652,0.6712469,0.5982363,-0.4047406,-0.7803289,0.475984,-0.3670086,0.3039134,-0.6751209,-0.8912158,-0.1913189,0.4865785,-0.7935997,-0.1544992,-0.7959105,-0.947162,0.4623746,-0.9758486,-0.3068423,-0.1569409,0.4657224
1,1,1,3,1,1,0,0,0,0,0.03853482,3,-0.436271,0.8405834,0.2735206,-0.5811902,0.5861827,-0.8632703,0.5430369,0.5386131,0.9307787,0.1411502,-0.06635009,0.2145719,0.312266,0.537963,-0.6090423,-0.8268374,-0.2113989,-0.4750344,0.7754014,-0.4490113,-0.5823084,-0.3406539,0.7164158,-0.7770885,-0.07632536,0.1178822,-0.485725,-0.110498,-0.8582762,-0.376764,0.09241532,0.2389885
1,1,1,1,1,1,0,0,0,0,0.008879912,1,0.02917767,0.8559753,-0.6087393,-0.7121916,0.8950028,-0.6219475,0.6370549,-0.2258367,0.9377671,-0.4788983,-0.6885412,-0.1828375,0.7441368,0.4133999,-0.5019871,-0.7988535,0.6128178,-0.62672,0.8632179,-0.7225036,-0.3746298,-0.564183,0.7114961,-0.7277836,-0.01202126,0.4482628,-0.8978523,0.4880204,-0.7445808,0.8239279,0.2970637,-0.497693
1,1,0,2,1,1,0,0,0,0,0.02694981,2,-0.004945282,0.7690758,0.03434755,-0.9635865,0.216519,-0.5741643,0.5683733,-0.2455736,0.9252501,-0.393631,-0.8987598,-0.5432742,-0.1682936,-0.02754522,-0.5426909,-0.8162463,0.3259203,-0.7486163,0.7149323,-0.2657717,-0.8964338,-0.1723999,-0.354462,-0.745095,-0.3946635,-0.285721,-0.9398363,0.2078017,-0.9562998,0.4306308,0.3022873,0.5444376
1,1,1,1,1,0,0,1,0.505249557795185,0.195299576706647,0.3534669,4,0.4672516,0.620173,0.6901127,-0.7946304,-0.1629601,0.2670105,0.137802,-0.6812578,0.4293608,0.1226348,0.08545779,0.08115821,0.5303739,-0.08612777,-0.2842886,-0.3587717,0.2691981,0.005635306,0.3536342,-0.1811265,-0.5978902,0.4063111,0.7511462,-0.5213235,-0.5690211,0.02519651,-0.4534079,-0.004279442,-0.7066597,-0.3184616,0.7516807,-0.2310103
1,0,1,2,0,1,0,0,0,0,0.06783367,2,0.2823083,0.6628637,-0.07563718,-0.2148032,-0.4492532,-0.6356763,0.3585519,-0.2328829,0.05936573,-0.3319729,0.1544903,-0.5993196,0.7583396,0.3791081,-0.8444914,0.3446131,0.1471645,-0.7104197,0.4428879,0.01543723,-0.5231237,-0.3506674,-0.3611752,-0.2987913,0.427584,-0.1500287,-0.5945967,0.4808569,-0.8776545,0.3003083,0.137095,0.7333418
1,0,0,3,0,1,0,0,0,0,0.01866126,3,-0.4259798,0.07138123,-0.03779773,-0.05130607,0.4168529,-0.9047359,0.4083075,0.2834414,0.8342879,-0.4941453,0.214489,-0.5414475,0.6826835,0.7847617,-0.3819774,-0.6505148,0.3682354,0.001366048,0.4039255,-0.4135048,-0.5949473,-0.6753179,0.7426034,-0.7662858,-0.2158065,-0.4886208,-0.3758596,0.5733479,-0.966047,-0.2256333,0.276732,0.6175753
1,0,1,1,0,1,0,0,0,0,0.01535163,1,-0.4814744,0.8901394,-0.1337787,-0.4472788,0.8298284,-0.8054447,0.5957456,-0.2690006,0.8781316,-0.4766563,-0.298052,-0.3204125,-0.1193029,0.6973987,-0.7166715,-0.7348575,0.4999954,-0.7331693,0.8374071,-0.1619842,-0.4407294,-0.5930383,0.5708655,-0.6149128,-0.2023549,0.7189987,-0.6707824,0.5386572,-0.9133433,0.3818017,0.06159524,-0.4682539
1,0,1,2,0,1,0,0,0,0,0.02002253,2,0.2695438,0.5886264,-0.113972,-0.9054388,0.2142822,-0.5343345,0.7140403,-0.4776832,0.8599772,-0.5451177,-0.9234478,-0.5624208,0.1140292,0.1865215,-0.3552401,-0.7419751,0.6018615,-0.6580846,0.6094763,-0.6472496,-0.8367747,-0.360788,-0.1127634,-0.7652086,-0.009894867,-0.4707785,-0.9808256,0.4835344,-0.973726,0.2924901,-0.07589249,0.295511
1,0,0,1,0,1,0,0,0,0,0.01701815,1,-0.3629232,0.8638588,0.2175812,-0.7907281,0.3256227,-0.71576,0.5248848,0.2553349,0.8878261,-0.2714476,-0.3840864,-0.2698433,0.7216415,0.3094949,-0.6821457,-0.841198,0.4670817,-0.5864816,0.6756163,-0.01190717,-0.8424729,-0.05365201,0.8609093,-0.7624148,-0.1935699,-0.3028954,-0.7803226,0.1396439,-0.8512306,0.07137491,0.6964397,0.3706918
1,1,1,3,0,0,0,1,0.906326388260549,0.471024569186672,0.5717551,6,0.5397444,0.3776569,0.6339895,-0.8190075,0.158724,-0.1244394,-0.02353293,-0.6680613,0.526826,0.1117685,-0.01241337,-0.08648399,-0.2901115,0.06627343,-0.05348909,0.00744722,-0.3122436,0.1065637,0.5557341,-0.3797695,0.04369747,-0.05763939,-0.1609157,-0.4382696,-0.526382,0.5766282,-0.03770997,-0.1903859,-0.9044855,-0.4786469,0.3775928,-0.139898
1,1,1,2,1,1,0,0,0,0,0.02914045,2,0.1322742,0.5165487,-0.3489865,0.2111088,0.04020013,-0.3001436,0.600685,-0.2030021,0.1258339,-0.2548555,0.2418974,-0.06722859,0.8361022,0.429353,-0.8113042,-0.1031643,0.3039704,-0.763787,0.4423731,-0.5208748,-0.6723917,-0.4179021,0.3629375,-0.6162248,0.5388761,-0.3452927,-0.8965813,0.5890702,-0.6908066,0.3463988,-0.3335827,0.5574873
1,1,0,1,1,1,0,0,0,0,0.01084213,1,-0.5517863,0.793102,-0.421974,-0.725731,0.3690048,-0.9565529,0.18967,0.2849933,0.9377182,-0.4577468,-0.349265,-0.6620052,0.6974058,0.5955781,-0.4649819,-0.8627968,0.4992013,-0.356535,0.3057365,-0.4121154,-0.7643773,-0.4690294,0.5052015,-0.5618916,-0.414351,-0.3164539,-0.6204453,0.475543,-0.9054515,0.678691,0.3434769,0.3871757
1,1,0,3,1,1,0,0,0,0,0.03442689,3,-0.1105398,0.4505085,0.3567137,-0.6970005,0.6780088,-0.3275703,0.7336243,-0.2090695,0.8823546,-0.4620157,-0.6177486,-0.2677019,-0.3647165,0.3311554,-0.5096368,-0.656189,0.2888479,-0.4068751,0.8566536,-0.3536391,-0.4252546,-0.6369581,0.5231911,-0.7643046,-0.1031822,0.1187744,-0.5731235,0.1806986,-0.958777,-0.149097,0.5306289,0.1670122
1,1,0,2,1,1,0,0,0,0,0.01415313,2,-0.1727147,0.8808731,-0.1741782,-0.6059136,0.4522775,-0.6043301,0.6221822,-0.3219904,0.6990644,-0.5720399,-0.5220163,-0.4417628,0.4670447,0.4378264,-0.8069408,-0.6217747,0.4555289,-0.7822057,0.6950624,-0.237855,-0.8666382,-0.1891677,0.3023111,-0.7698082,-0.2110668,0.2529202,-0.9459372,0.6232828,-0.8727344,0.166562,0.2956017,0.1999943
1,1,0,1,1,0,0,1,0.505249557795185,0.195299576706647,0.3202014,4,0.4371021,0.2835444,0.6339292,-0.9278366,-0.1319637,-0.3439761,0.0766471,-0.7629052,0.5460923,0.07679185,-0.3677782,-0.1467393,0.2018722,-0.008475086,0.07385212,-0.5069395,0.2960898,-0.2229671,0.2486848,-0.4061298,-0.5525685,0.2920862,0.1521733,-0.3940519,-0.4249769,0.1048953,-0.6061376,0.0323419,-0.9509925,-0.1913224,0.3412134,-0.3340111
1,0,0,3,1,0,1,2,1.7462656936455,0.658916907810955,0.7605943,9,0.6920407,-0.03174341,0.6558757,-0.3737408,-0.7525585,-0.02243807,-0.299851,-0.2615939,0.02988825,0.5740598,0.6494631,0.3183388,0.373406,-0.1601822,-0.1594903,0.2434517,-0.4277783,-0.08684858,-0.1439755,-0.4224069,0.01594349,-0.03905212,0.140214,-0.2976989,0.4589221,-0.3680687,-0.1292674,-0.4562984,-0.6818888,-0.5784722,-0.4065802,0.6023675
1,0,1,1,0,0,1,1,0.504440856245787,0.194912539666063,0.4693599,4,0.2469404,0.506425,-0.2730547,0.3509007,-0.4098909,-0.7857475,-0.4547498,0.3518603,0.298498,0.37413,0.9033334,0.1556485,0.8392093,0.3999347,-0.4134987,-0.07078588,-0.6789312,0.1119353,-0.6177026,-0.6574993,0.01158414,-0.4186446,0.1756486,0.01167894,-0.09099378,0.023415,0.446545,-0.3431374,0.4966502,0.6519759,-0.03454722,0.413147
1,0,1,2,0,0,0,2,0.598104398881845,0.294527737387451,0.6114768,8,0.6101473,-0.02245788,0.1365006,-0.03912165,-0.3199879,0.612673,0.1239353,-0.521467,0.4023674,-0.2230831,0.27884,0.01707301,-0.3206517,0.3526771,-0.03121661,-0.06367833,-0.6987873,0.303714,-0.1399526,-0.6416902,-0.009618314,-0.6743718,-0.6391654,-0.1398118,-0.5137761,0.2406309,0.2145335,-0.2279498,-0.09120224,0.7719348,0.2272567,0.3581316
1,0,1,2,1,0,0,1,1.08559736939388,0.53242068436846,0.5575488,5,0.3337092,-0.09762916,0.5003037,0.2997171,-0.791956,0.8046679,-0.08565218,-0.7569587,-0.5794587,-0.382284,0.7836301,-0.03055717,0.4358305,0.183033,-0.6182784,0.4150601,-0.060247,-0.3791659,-0.4397887,-0.3703094,-0.6973974,-0.2339535,-0.2034192,0.1060198,-0.1098373,-0.1121494,-0.07950933,0.4247446,-0.2349948,0.3360408,0.2063255,0.6690146
1,0,1,3,0,0,1,1,2.60117155010936,0.763436751002788,0.5861521,6,0.1786411,-0.7304827,0.5048533,0.6090858,-0.8856075,-0.7010982,-0.5310282,-0.5458438,-0.6518966,-0.2614779,0.9147069,-0.5200014,0.6102251,0.5776138,-0.4415253,0.4445116,0.08496155,0.1100226,-0.8019767,-0.4701153,-0.3533457,-0.464383,-0.2166644,0.1671569,0.4671088,-0.4244809,0.6247377,0.3518654,-0.9004104,-0.2928853,-0.2248386,0.805393
1,0,0,3,0,1,0,0,0,0,0.02573327,3,-0.5443573,0.1380259,-0.3362707,0.9492342,0.1598971,-0.986363,0.1400736,0.6578726,0.6343322,-0.4422111,0.8290169,-0.515385,0.5205253,0.9169909,-0.7092771,-0.5310659,0.07728962,-0.1399798,-0.1871961,-0.3676277,-0.296627,-0.9123037,0.8004473,-0.7772552,0.6968059,-0.2615669,-0.1342892,0.4430632,-0.8501533,-0.0256469,-0.6882222,0.7089871
1,0,0,1,0,0,0,1,0.504440856245787,0.194912539666063,0.2545821,4,0.08600359,0.6998965,0.01134487,-0.6714955,0.501996,-0.7817524,0.007697222,-0.2499359,0.8670758,-0.2041979,-0.1253465,-0.1657434,-0.5881003,0.495032,0.3214827,-0.677714,-0.5414711,0.1452928,-0.06871881,-0.6807303,-0.0924089,-0.634742,-0.1827595,-0.3768066,-0.7433966,0.5990334,-0.3735623,-0.2620152,-0.6263956,0.529207,-0.1560032,-0.5163347
1,1,1,2,0,0,0,2,1.08191794699754,0.53102995086183,0.5575582,8,0.7640349,0.0797215,0.5314907,-0.6396538,-0.5889761,0.9284239,0.398198,-0.7201068,0.261497,0.1474751,-0.07440098,0.6661947,-0.03427349,-0.4079514,-0.1432171,-0.1973834,-0.2364407,-0.2654011,-0.02695435,-0.789803,-0.4959122,-0.2945326,-0.08602239,-0.3398484,-0.02646657,-0.2383806,-0.826402,-0.3324006,-0.2017478,0.2732355,-0.2657202,0.2383994
1,1,1,1,0,0,0,3,1.26019247252341,0.602829505629494,0.6091093,7,0.3483025,0.4223841,0.2621922,-0.3157118,-0.8722814,-0.08346875,-0.5576609,-0.1537314,0.05651816,0.1528115,0.8341644,-0.01175549,0.9122224,-0.1334175,-0.6017144,0.04445643,-0.2486164,-0.2869556,-0.6803439,-0.4494232,-0.6207801,0.170115,0.1110975,0.3376012,0.04317129,-0.4084457,0.3667184,-0.1600334,0.3747311,0.5633475,0.5568746,0.7724423
1,1,1,1,1,0,0,4,1.42539905530603,0.643971005875688,0.5385814,7,0.4773039,-0.3133935,0.3574941,0.2892135,-0.6160723,0.02310139,-0.2053114,-0.4739107,-0.1942092,-0.4172928,0.699558,-0.5660179,0.4801435,0.4665286,-0.342887,0.2623727,-0.1652475,0.3143177,-0.2854491,0.09154551,0.1231871,-0.5620556,0.05757083,0.01648974,0.0977944,0.1823833,0.7406576,-0.1186319,-0.580478,0.7117631,0.8056594,0.541741
1,1,0,1,1,0,1,5,1.81250046363701,0.735827390680242,0.4071946,7,-0.05304152,-0.2708005,0.5833247,0.5551871,-0.4740546,-0.05023663,-0.4715677,-0.7089659,-0.5072151,-0.6402197,0.8565148,-0.6267753,-0.002960956,0.5864311,-0.473534,0.4908842,0.3748215,-0.2677073,-0.225264,0.299307,-0.06310786,-0.6472176,0.08088366,-0.1277052,0.1096587,0.5241626,0.3920571,0.5388484,-0.8563808,0.3294387,0.4476337,0.2635273
1,1,0,2,1,0,1,6,0.599116085603106,0.29499675892981,0.4259718,8,0.3391031,-0.4544861,0.3792592,0.517696,-0.8258768,-0.7931128,-0.2791558,-0.7463066,-0.7032974,-0.5135844,0.6887682,-0.7360244,-0.2095835,0.678629,-0.4545062,0.4381408,0.1408541,-0.1095277,-0.7831527,-0.2893842,-0.5163665,-0.5916258,-0.6492631,-0.2691774,0.008164999,-0.1734744,-0.4149343,0.5843087,-0.9537501,-0.3675432,-0.5616941,0.5153695
1,1,0,2,1,1,0,0,0,0,0.02382006,2,-0.3012107,0.4792775,-0.2148371,0.8718233,-0.4247411,-0.9717321,0.4787941,0.4817048,0.5460402,-0.3069378,0.704731,-0.194913,0.7389778,0.8950938,-0.7492263,-0.6517388,0.2340916,-0.312405,-0.5272027,-0.6354238,-0.7896512,-0.7742569,0.7329026,-0.7475636,0.2311158,-0.7125504,-0.739204,0.6285821,-0.8198041,-0.2210659,-0.7453665,0.5789059
1,1,0,3,1,1,0,0,0,0,0.03501409,3,-0.1151578,0.7166089,-0.2470688,-0.1951862,0.5204803,-0.9205754,0.4421945,0.5491177,0.968064,-0.394953,-0.2291932,-0.1759115,0.109561,0.7236802,-0.1733762,-0.772048,-0.415341,-0.04823363,0.4448737,-0.7627509,-0.2293659,-0.8663709,0.3656794,-0.6481123,-0.2997141,-0.04957875,-0.4521902,0.02764653,-0.8478607,0.2057045,-0.3418619,0.330904
1,1,1,3,1,1,0,0,0,0,0.02914794,3,-0.2675786,0.6116422,-0.04648536,-0.5885265,0.8551415,0.09656114,0.6935923,0.01708112,0.9187779,-0.3720246,-0.41777,0.4344454,0.1353212,0.3101495,-0.3598978,-0.7532064,0.07919344,-0.5123474,0.8316216,-0.8073218,-0.4036887,-0.7314724,0.5793788,-0.7272881,-0.06099374,0.3224403,-0.8131966,0.1036282,-0.7318312,0.3385215,0.1059884,0.07431724
1,0,1,1,1,0,0,1,0.505249557795185,0.195299576706647,0.2608894,4,0.3335089,0.5756894,0.1448814,-0.9402263,-0.004995334,0.04618311,-0.1545183,-0.756431,0.6472216,-0.05289122,-0.3045658,-0.02981148,0.3160636,-0.3821946,-0.2827212,-0.5569392,0.2634282,-0.5581421,0.1784176,-0.622631,-0.6646039,0.2341205,-0.1598836,-0.1192862,-0.4074662,0.3876379,-0.675198,0.01833669,-0.626363,0.5623116,0.2568978,-0.1256977
1,0,0,3,1,0,1,2,1.7462656936455,0.658916907810955,0.7314787,9,0.7592124,-0.4382969,0.6494884,-0.6174089,-0.8201414,0.180591,-0.1703037,-0.4393125,0.02942267,0.3890259,0.318184,-0.01963766,0.4344531,-0.3829162,-0.05798778,0.259098,-0.3003411,0.07567436,-0.3142821,-0.4479773,-0.3189621,0.0454763,0.02117294,-0.2519525,0.4069712,-0.725125,-0.1592071,-0.4918424,-0.733117,-0.3585111,0.2115266,0.8015718
1,0,0,2,0,1,0,0,0,0,0.03165264,2,-0.4487393,0.8952624,-0.5563102,0.8453609,-0.142369,-0.9445586,0.2307758,0.7184474,0.49387,-0.2517183,0.8680559,-0.4440164,0.8784508,0.8131731,-0.9324758,-0.1860844,-0.3926377,-0.425839,-0.01346385,0.1203278,-0.7044554,-0.6273037,0.5733816,-0.5646407,-0.06501954,-0.1018311,0.06724897,0.4277053,0.2926797,0.5602953,0.3702601,0.7919402
1,0,1,1,0,1,0,0,0,0,0.02220487,1,-0.2987281,0.377661,-0.1255782,-0.415359,0.8542364,0.1036549,0.7189108,-0.6715338,0.8270039,-0.8833227,-0.6773734,-0.6813454,-0.04622905,0.792116,-0.06803571,-0.6014292,0.6133401,-0.2327977,0.8527794,-0.2923921,-0.07294821,-0.8370458,0.2988797,-0.5048042,-0.4834124,0.5634631,-0.4444653,0.752023,-0.9615434,0.8023596,0.8089257,-0.4916622
1,1,0,2,1,1,0,0,0,0,0.03784319,2,-0.2437568,0.479075,0.3268901,-0.8594783,-0.1870591,-0.04770738,0.5985599,-0.7174469,0.343706,-0.7472605,-0.7276455,-0.6957031,-0.3046718,0.170706,-0.7756416,-0.5113759,0.8049361,-0.8885995,0.6895632,0.1874099,-0.903943,-0.196313,-0.2100429,-0.5956759,0.05580299,-0.09525536,-0.940977,0.7503638,-0.986204,-0.1950671,0.0536059,0.455715
1,1,0,1,1,0,0,1,0.505249557795185,0.195299576706647,0.3478278,4,0.2983598,0.2094034,0.6751394,-0.7584015,-0.5533513,-0.7509118,0.04634521,-0.5281687,-0.05508052,-0.001859097,0.1609674,-0.4106833,0.6719014,0.2630666,-0.2648074,-0.324574,0.2636287,-0.1290456,-0.3243551,-0.179899,-0.7243739,0.4499858,0.4852549,-0.3154968,-0.2948101,-0.263687,-0.44157,0.10735,-0.9316537,-0.6940176,0.4677306,0.06141339
1,1,0,3,1,1,0,0,0,0,0.04986105,3,0.03764252,0.3072804,0.1521481,0.5465136,0.02428126,-0.8803471,0.3580915,0.4763244,0.5787693,-0.04546748,0.5096,-0.1504031,0.6926119,0.6935549,-0.6640091,-0.208678,0.1089902,-0.3983285,0.5401188,-0.2813565,0.03744011,-0.737105,0.704084,-0.6846755,0.7134584,-0.2009382,-0.2720356,0.1941434,-0.9090819,-0.28284,-0.3065118,0.5192867
1,1,1,2,1,0,0,1,0.599116085603106,0.29499675892981,0.310335,5,0.3062972,0.805473,-0.2129704,-0.6688761,0.1772696,-0.8742605,-0.2119152,-0.1387621,0.7974348,0.07188699,0.1717827,-0.180873,-0.334778,0.571603,-0.03203369,-0.4993917,-0.7345441,0.1642171,-0.2446104,-0.6996835,-0.4104929,-0.4049436,-0.6855753,-0.4425567,-0.8631209,0.5223774,-0.4968135,-0.140178,-0.5699106,0.2588795,-0.5128036,-0.001041352
1,1,0,1,1,1,0,0,0,0,0.02995238,1,0.2675766,0.1999225,-0.0906632,-0.2097066,0.5058806,0.7089786,0.8201934,-0.18458,0.8233884,-0.2644081,-0.2588378,0.5829486,0.83322,0.102667,-0.3129731,-0.6995071,0.5219964,-0.5907838,0.6575183,-0.8617184,-0.4115598,-0.6804361,0.8930741,-0.6265137,0.5417205,-0.6322204,-0.8614053,0.2284015,-0.4417786,0.7601166,0.2323675,-0.0003131032
1,0,1,2,1,0,1,1,0.599116085603106,0.29499675892981,0.4869783,5,0.1585578,0.8718061,0.09676358,-0.9375704,-0.7546902,-0.6503481,-0.6187768,-0.3969915,0.6264229,-0.05193921,0.09358964,-0.6316165,-0.1568511,-0.1977449,-0.6028686,-0.346344,-0.5192389,-0.3924154,-0.3441972,0.02379773,-0.8672139,0.3037107,-0.8596749,0.1085214,-0.8106535,0.3144172,-0.1023555,-0.2546828,-0.4756926,0.4979145,0.2812777,0.7544696
1,0,0,1,1,0,1,2,0.505249557795185,0.195299576706647,0.5130861,7,0.7843196,-0.5700547,0.7210705,0.2619054,-0.4388824,0.7543112,0.511252,-0.7213923,-0.3292402,-0.1393953,0.4501853,0.1252957,0.7690373,0.2101845,-0.008666298,0.4367044,0.163903,0.4289823,0.006575713,-0.3828756,0.02351207,-0.3418154,0.8022375,-0.3521386,0.2873424,-0.4924158,-0.01387197,-0.03634723,-0.6387677,0.06849845,0.8589582,0.1286451
1,0,1,3,0,1,0,0,0,0,0.06267664,3,-0.7260968,0.5860153,-0.1239904,0.6231273,-0.3993021,-0.8658835,-0.5249788,0.2612711,0.2263348,-0.5955985,0.8924419,-0.70692,0.4991271,0.6936057,-0.8819443,0.1337088,0.31023,-0.758911,0.2557529,0.4169536,-0.384294,-0.7055019,0.01293295,-0.2418031,0.4637109,0.3783741,0.314734,0.7235607,-0.841253,0.2487349,-0.2091838,0.8403623
1,0,1,3,0,1,0,0,0,0,0.02140363,3,-0.1352819,-0.4275636,-0.3240324,0.1580606,0.7558274,-0.9235007,0.7032406,-0.1397433,0.6860678,-0.7763442,-0.5109506,-0.7893401,0.03143849,0.8441185,0.01835051,-0.4173842,0.2217216,0.1706666,0.3343342,-0.6771139,-0.2116757,-0.898169,0.2693757,-0.7535723,-0.008064214,-0.3878284,-0.7000511,0.5456185,-0.9849418,-0.1653713,0.02012301,0.4182763
1,0,0,1,0,1,0,0,0,0,0.01778947,1,-0.7756336,0.9288306,0.0209586,-0.5459115,0.7743852,-0.6934835,0.5565215,0.05581596,0.906277,-0.3076673,-0.1256978,0.1890179,-0.1913814,0.6127734,-0.6806226,-0.9078744,0.5412226,-0.8234397,0.8147697,0.01081468,-0.7512488,-0.3277836,0.8211532,-0.7161978,-0.3403465,0.6036137,-0.8276603,0.5225172,-0.7726608,0.1123054,-0.1110081,-0.4986322
1,0,1,2,0,1,0,0,0,0,0.02162154,2,0.4502445,0.6578419,-0.3445466,-0.9137954,0.2732191,-0.6138352,0.7424166,-0.5103585,0.8553987,-0.4223753,-0.9422211,-0.5622841,0.3577061,0.1476763,-0.3383406,-0.6520446,0.5355127,-0.6208557,0.6050295,-0.7769765,-0.7609929,-0.3431919,-0.2949127,-0.6369651,-0.0007567628,-0.4323934,-0.9761782,0.4598659,-0.9499713,0.451957,-0.1684954,0.1933412
1,1,1,2,0,0,0,1,0.598104398881845,0.294527737387451,0.4794901,5,0.3713612,0.7530315,0.6699083,-0.8946173,-0.629604,-0.4138712,0.04801674,-0.2095609,0.6939689,0.4992535,0.08474552,0.1890231,0.1151558,-0.03275216,-0.415258,-0.6435071,-0.5310257,0.0168345,-0.1453045,-0.2428662,-0.8741035,0.4773519,0.08745876,-0.555109,-0.7480733,-0.2849772,-0.49022,-0.4888106,-0.6699058,-0.4752465,0.2103488,0.5277822
1,1,0,3,0,0,0,2,1.74860643909816,0.659387998794934,0.7618951,9,0.7748501,0.0945289,0.5646153,0.3712966,-0.3948551,0.5097349,0.01102439,-0.3768157,0.06644446,0.4492436,0.7940705,0.5449796,0.7812225,0.07203251,-0.141652,0.5633639,-0.6427031,0.3308839,0.1340954,-0.7109721,0.4448446,-0.3230327,0.487333,-0.1748839,0.2541298,-0.00566633,0.3579874,-0.2888959,-0.1003782,-0.1596843,0.2130951,0.2685765
1,1,0,1,0,0,1,3,1.26699129056191,0.605453773383659,0.5875255,7,0.0701957,0.1658793,-0.1866986,-0.04772498,-0.5261872,-0.1733367,-0.6505949,-0.4154637,-0.1047268,-0.1285378,0.8780729,-0.1822189,0.5761696,0.2730162,-0.4104446,0.1676213,-0.3798508,-0.3550214,-0.4157237,-0.3623673,0.07276577,-0.3956903,-0.5738551,0.3726168,0.04142332,0.5225664,0.484623,0.1413681,-0.1309481,0.7956445,-0.1536492,0.4792224
1,1,1,1,0,0,1,4,0.504440856245787,0.194912539666063,0.3545644,7,0.3970088,-0.7421208,0.2388229,0.1182775,-0.5392393,-0.1541879,-0.01105244,-0.5411634,-0.1068106,-0.3316707,0.4006967,-0.4273614,0.3883857,0.3709181,-0.0385637,-0.1130033,0.1731592,0.1226741,-0.5572327,-0.5867962,-0.260276,-0.6249437,0.1136437,-0.0540644,0.3133154,-0.4696529,0.09367508,0.026214,-0.761005,0.5896276,0.2222103,0.4803428
1,1,1,1,0,0,0,5,0.504440856245787,0.194912539666063,0.3257242,7,-0.1279698,0.5059878,0.4838099,0.4210679,-0.6809352,-0.6526986,-0.5731546,-0.126361,0.2519253,-0.193106,0.8619386,-0.3614584,-0.005485346,0.484577,-0.610732,-0.1956695,0.05217505,-0.2019711,-0.474929,0.2446693,-0.4162858,-0.5082716,0.4394139,-0.2379377,-0.02403441,0.2844415,0.3897995,0.05587344,-0.4449002,0.3135448,0.1420514,0.4287909
1,1,0,2,1,1,0,0,0,0,0.02961458,2,0.3236259,0.2836123,-0.2087781,0.5776391,0.0354647,-0.5730871,0.6451815,-0.2242438,0.3478272,-0.8306946,-0.2691847,-0.7741902,0.3174137,0.7573901,-0.5239054,0.1239444,0.01793626,-0.1495783,0.1695941,-0.3978599,-0.3104688,-0.8875961,-0.1408781,-0.6647266,0.1499861,-0.2677801,-0.7663747,0.5449061,-0.8908006,0.4670976,0.4417866,0.61709
1,0,0,1,1,0,0,1,0.505249557795185,0.195299576706647,0.3266506,4,-0.2161908,0.4974484,0.6432678,-0.6389176,-0.1657452,-0.09904595,-0.2982821,-0.6863202,0.5373144,-0.3355846,0.645888,0.03372926,-0.1455477,0.4321252,-0.09223339,-0.5639176,0.2943363,-0.20666,0.1301343,0.09308899,-0.5730151,-0.1037837,0.4812984,-0.4244063,-0.7792981,0.5518078,-0.1340493,0.4613164,-0.8739749,-0.2159061,0.2816307,-0.3703722
1,0,1,3,1,0,0,2,1.7462656936455,0.658916907810955,0.7975957,9,0.8131091,-0.7177292,0.6392583,-0.1794835,-0.7662191,0.2954429,-0.03136285,-0.7816766,-0.5553212,0.1385385,0.2832619,-0.1004496,0.1374784,-0.1094994,0.03363994,0.6749249,-0.2052699,-0.1980192,-0.3682803,-0.7476792,0.2493088,-0.4987032,-0.5362609,0.1437062,0.7578285,-0.3431443,-0.4220908,-0.1835372,-0.9452698,-0.4975998,-0.6539589,0.5692939
1,0,0,2,0,1,0,0,0,0,0.02718541,2,-0.6144036,0.7650893,-0.7234784,0.7949502,-0.4938908,-0.9906095,0.08848934,0.8875622,0.6333936,-0.09740573,0.88877,-0.2376374,0.9273778,0.8396558,-0.916651,-0.728223,-0.2056892,-0.4947079,-0.672108,-0.4987251,-0.8877401,-0.6150285,0.6030995,-0.6011171,0.1085405,-0.6880399,-0.4032376,0.347219,0.2045463,0.3659681,-0.495809,0.8801175
1,0,1,3,0,0,1,1,0.905819476399812,0.470868047786929,0.6014436,6,0.5199318,0.01188681,0.4234998,-0.5053521,0.2073711,0.1050353,0.2416288,-0.3537383,0.8413785,-0.2459489,-0.1566005,0.0541344,-0.6108011,0.4583227,0.5503838,-0.4616324,-0.7722367,0.6527797,0.1274267,-0.7902798,0.2725539,-0.741231,-0.308051,-0.201605,-0.7346475,0.2766239,0.4951437,-0.4396186,-0.7075396,0.2569413,0.3319875,-0.111212
1,0,1,2,0,0,0,2,0.598104398881845,0.294527737387451,0.5292031,8,0.4236057,0.3009483,0.4750581,0.1178049,-0.525191,0.9001107,0.03148152,-0.7507719,-0.4628971,-0.113054,0.7330611,0.4945558,0.2499349,-0.06892344,-0.7029682,0.3413614,-0.1187098,-0.6271082,0.067119,-0.4014279,-0.5662282,-0.2808415,-0.0286593,-0.1053987,0.1931264,0.4927638,-0.5567631,0.1385834,0.07652433,0.2935013,-0.2623052,0.3981026
1,0,1,1,0,0,1,3,0.881385772437734,0.442141030073178,0.4521806,7,0.3560401,-0.4414412,0.06061995,-0.3058354,-0.8512265,-0.6591355,-0.5173527,-0.5544504,-0.3030175,-0.2349584,0.6714055,-0.5640328,0.8789523,0.2504991,-0.2348588,0.06673823,0.2303431,-0.07766954,-0.8520268,-0.6983879,-0.5481154,-0.09132002,-0.4116496,0.3689757,0.1959036,-0.6267661,0.08761717,0.2721976,-0.7215324,0.5590771,0.1824648,0.7389055
1,1,0,1,0,0,0,4,0.504440856245787,0.194912539666063,0.3345821,7,0.132015,0.08507559,0.4719561,0.6063135,-0.7104085,-0.8366713,-0.3699468,0.06080517,0.3345842,0.1051876,0.8593438,-0.3207282,0.2121529,0.6140864,-0.5497106,-0.3189754,0.02447419,0.2363509,-0.544226,0.184324,-0.2964455,-0.5797682,0.7111819,-0.3614742,0.128613,-0.1062057,0.620009,-0.1557163,-0.6158023,0.2292898,0.03607064,0.510191
1,1,1,2,0,0,1,5,1.08216973130388,0.531125131560161,0.5537486,8,0.604001,0.4830176,0.373781,0.473068,-0.4330097,-0.2772833,-0.1141027,-0.4460048,0.1619424,-0.3669228,0.5522231,-0.4387735,-0.4227315,0.581862,-0.1560986,0.4589446,-0.7321249,0.3060312,-0.3749256,-0.4121769,0.1261094,-0.7512473,-0.6251146,-0.3684408,-0.4137207,0.4280859,-0.1051104,-0.05819472,-0.5121517,0.2975892,0.09259461,0.293161
1,1,1,3,1,1,0,0,0,0,0.05381414,3,-0.150013,-0.4191113,0.07895512,0.7011679,0.01826777,0.5481436,0.4790293,-0.2210027,0.2683052,-0.7076021,0.6720161,0.1555432,0.6932302,0.5857574,-0.4063428,-0.1293012,0.3938453,-0.4402403,0.333105,-0.6785111,-0.2280416,-0.8514798,0.7363619,-0.6278574,0.4914373,-0.4927744,-0.6254376,0.6858686,-0.8198494,0.08487075,-0.09723905,0.6282346
1,1,1,3,1,1,0,0,0,0,0.02772462,3,-0.6877023,0.6837975,-0.464594,-0.1220484,0.1230538,-0.9742293,-0.1330221,0.263553,0.7617806,-0.5619791,0.2548895,-0.7267828,0.1968736,0.7009589,-0.7159269,-0.5508337,0.1713311,-0.6320948,0.07559842,-0.3787427,-0.7154978,-0.6860121,-0.1676556,-0.2860437,-0.08931256,0.01816761,-0.3851505,0.5749705,-0.9142466,0.1572804,-0.4799305,0.7521603
1,1,0,1,1,0,0,1,0.505249557795185,0.195299576706647,0.2387762,4,0.4728932,0.01049196,0.3554163,-0.7311666,0.2816399,-0.4446947,0.4988542,-0.5982919,0.6736394,-0.08889248,-0.2856889,0.080424,-0.07591362,0.3297276,0.1807435,-0.6518567,0.0009665114,0.2141365,-0.03285529,-0.7368637,-0.4117904,-0.3550449,0.431525,-0.4481194,-0.4464798,-0.01146083,-0.5180368,-0.2344655,-0.8619487,0.04787741,0.1771216,-0.4110892
1,0,0,3,1,0,1,2,1.7462656936455,0.658916907810955,0.6884961,9,0.4978543,0.3215719,0.666461,-0.3839207,-0.6614845,0.513204,-0.3671649,-0.3236525,0.470129,0.4897504,0.6506997,0.5958146,0.06022051,-0.2923985,-0.2680399,-0.06012896,-0.3815169,-0.3745631,0.03311247,-0.5499473,-0.1694498,-0.1852502,0.2004274,-0.284257,0.4334945,0.07804822,-0.3156462,-0.4481936,-0.3676234,-0.1598868,-0.4597005,0.4798026
1,0,1,1,1,0,0,3,0.505249557795185,0.195299576706647,0.5220146,7,0.5639569,0.279023,-0.2947903,-0.1478363,-0.627921,-0.4773409,-0.3751961,0.06090114,0.188671,0.05414573,0.713207,-0.1852394,0.8680142,0.04623099,-0.2254675,0.111341,-0.6376679,0.08777495,-0.7153502,-0.7154538,-0.1686742,-0.331477,-0.2013974,0.1861749,-0.007397569,-0.407619,0.1392758,-0.3805987,0.4026677,0.7512025,0.4003668,0.7023068
1,0,1,2,0,1,0,0,0,0,0.03228755,2,-0.2199295,0.4712434,-0.2196104,0.5765727,0.1174489,0.04184329,0.605656,0.1837672,0.6353402,-0.6903108,0.3395193,-0.4026733,0.3971784,0.7443019,-0.7840008,-0.3825982,-0.1032813,-0.247586,0.4923872,0.06124316,-0.5805469,-0.8147327,0.3576158,-0.5333277,-0.2612525,-0.01792967,0.07121319,0.3834914,-0.364228,0.7945429,0.7434922,0.7345454
1,0,0,2,0,1,0,0,0,0,0.01916098,2,-0.3890654,0.6386543,0.03552187,-0.245901,0.5201142,-0.204115,0.5956517,-0.7793217,0.3985051,-0.8978724,-0.4227652,-0.8289852,0.01274129,0.7561669,-0.7220917,-0.08990163,0.6884612,-0.6009613,0.7357988,0.1088096,-0.76876,-0.6442792,-0.1448217,-0.4950263,-0.5141963,0.4969519,-0.7127297,0.8783081,-0.9695587,0.428678,0.6765137,0.2215896
1,0,0,3,0,1,0,0,0,0,0.02960612,3,-0.2671022,-0.2624978,0.4476047,-0.557391,0.1258667,-0.500329,0.5995001,-0.7204695,0.3880574,-0.6839111,-0.3681997,-0.5969465,0.256956,0.5166869,-0.5123889,-0.4776825,0.8490282,-0.6504392,0.6210576,-0.3133315,-0.7448792,-0.3126275,0.5723103,-0.7150929,0.3497295,-0.448794,-0.8524945,0.8032286,-0.9958697,-0.6958777,0.02833459,0.3280024
1,0,1,3,0,1,0,0,0,0,0.02432639,3,-0.5155061,0.7447208,0.05277675,-0.2612753,0.2630033,-0.9785213,0.3486823,0.4888387,0.7910558,-0.1088074,-0.1033202,-0.4460659,0.3340392,0.7194428,-0.6474684,-0.7706386,0.1052587,-0.5946035,0.3938738,-0.2652541,-0.7202575,-0.3230729,0.5772804,-0.7375904,0.3122043,-0.1493061,-0.7503225,0.2373071,-0.9594136,-0.6428071,-0.4437729,0.5143068
1,1,1,1,0,0,0,1,0.504440856245787,0.194912539666063,0.245834,4,0.4245104,0.6717626,0.08037226,-0.8635129,0.5570933,-0.7082822,0.2915115,-0.2495591,0.8249257,0.162136,-0.2133226,0.252363,0.1971634,0.3022813,0.2410354,-0.7344295,-0.3654311,0.1084632,0.207513,-0.7632507,-0.1645647,-0.1653891,0.2642165,-0.4737999,-0.63727,0.4299785,-0.5194276,-0.3833071,-0.6532097,0.2024586,0.07308961,-0.6498147
1,1,1,3,0,0,0,2,1.7439483599277,0.658450284442285,0.7098949,9,0.709887,-0.066365,0.5632422,-0.7360381,-0.3836564,0.8524818,-0.1059822,-0.5073351,0.5695522,0.545779,0.240833,0.7300198,0.09700924,-0.5373993,0.1245306,-0.1180449,-0.3886275,-0.2527207,0.323547,-0.7992313,0.09567533,-0.2507687,0.02941195,-0.2650109,0.3565748,-0.08728016,-0.4877643,-0.5636388,-0.3504961,0.1609151,-0.454196,0.321029
1,1,0,2,1,0,0,1,1.58068664465443,0.673874376961801,0.6142911,5,0.4694486,0.6553221,-0.2750196,-0.2157001,-0.8383099,-0.4588002,-0.4090632,0.2063329,0.05996873,0.3792449,0.7687756,-0.08317458,0.7765728,-0.06597415,-0.665386,0.1677621,-0.815075,-0.09663241,-0.791318,-0.6417798,-0.69833,0.04954836,-0.647502,0.2460106,-0.3689164,-0.5021408,0.08623196,-0.4271282,0.7505152,0.6007136,0.1333544,0.8966985
1,1,0,3,1,1,0,0,0,0,0.05518875,3,-0.02328872,-0.3427836,-0.06570756,0.7285558,0.3112575,0.4187931,0.658621,0.155631,0.6265327,-0.588437,0.5310145,-0.08708506,0.771623,0.7121978,-0.5051449,-0.3072871,0.04992922,0.1807904,0.5826827,-0.5061162,-0.05771994,-0.8270954,0.8023942,-0.5416039,0.3133306,-0.4542796,0.4999164,0.3079604,-0.4937822,0.698554,0.7888611,0.691846
1,1,0,1,1,0,1,1,0.505249557795185,0.195299576706647,0.268452,4,-0.4281253,0.6966476,0.2934234,-0.5259261,0.1003231,-0.2808103,-0.5959657,-0.8198477,0.1587928,-0.6394398,0.5098091,-0.7435715,-0.5518172,0.4192454,-0.5264574,0.02558558,0.3475997,-0.5487574,0.3246444,0.4317698,-0.415447,-0.293271,-0.4198727,0.08815984,-0.5723297,0.8953182,0.2071172,0.5921959,-0.847909,0.634299,0.3274575,-0.09162786
1,1,1,2,1,0,0,2,0.599116085603106,0.29499675892981,0.4635297,8,0.7615269,-0.7970976,0.5898234,-0.2861503,-0.8261977,0.1857999,0.3955021,-0.9038842,-0.7563112,-0.3683667,-0.1390308,-0.5852663,0.0249306,0.1640791,-0.1437298,0.4608926,0.4620778,0.04937075,-0.6207536,-0.6013847,-0.5760263,-0.2988165,-0.4545717,-0.2869013,0.3913148,-0.6715735,-0.8143406,0.3347383,-0.9788362,-0.4293182,-0.260225,0.5330601
1,0,1,1,0,0,0,1,0.882139795554018,0.44250627068617,0.386534,4,-0.3690932,0.5275152,0.4772421,0.4687545,-0.8566369,-0.9528327,-0.5854393,0.4337746,0.07242553,0.4120318,0.9725254,0.15297,0.7882732,0.6342428,-0.7554906,-0.5275159,-0.07808173,-0.3041248,-0.8062634,-0.06311591,-0.7052664,0.08469339,0.7405448,-0.243864,-0.09165944,-0.2281629,0.5587999,0.08956052,-0.2498174,-0.4205468,-0.3637731,0.4209225
1,0,1,2,1,0,1,1,1.57552665168337,0.672429808997484,0.5111161,5,0.8068801,0.1316247,-0.04154156,0.3115334,-0.2957335,-0.7590473,0.1462394,-0.3387854,0.2327992,-0.07015508,0.1994174,-0.3378805,0.08868685,0.6459489,0.02036016,0.2055425,-0.7694394,0.5256193,-0.3928541,-0.7880703,0.3613124,-0.770876,-0.6834938,-0.2663311,-0.1586384,0.2463969,0.05996168,-0.3343483,-0.5480114,0.4762951,-0.3449426,0.0401954
1,0,1,3,1,0,0,2,0.906943823110818,0.471215223298928,0.6348886,9,0.2689869,-0.3724863,0.5765833,0.2475265,-0.4279469,0.7402713,-0.2530176,-0.2209709,0.4905054,0.1773915,0.8449271,0.7195225,0.1036341,0.1530582,0.1357217,-0.2568795,-0.4691647,0.05956342,-0.1620646,-0.75712,-0.03470707,-0.6104751,0.5106588,-0.4453176,0.02231187,-0.1935291,-0.02053791,-0.1816351,-0.1747875,-0.02567168,-0.5145171,0.4506974
1,0,1,1,0,1,1,0,0,0,0.03439315,1,-0.3395064,0.7318342,-0.6666204,0.4041633,0.05339136,-0.6722752,0.1499861,0.282096,0.4910111,-0.5713353,0.4607323,-0.4614671,0.8251947,0.5007846,-0.7769794,-0.2265272,-0.01997932,-0.717562,-0.0238822,-0.6139961,-0.4186803,-0.7528287,0.01774673,0.07968782,0.4843066,-0.1024296,-0.3225623,0.3492106,0.1327768,0.8884676,0.2240224,0.7087992
1,1,1,3,1,1,0,0,0,0,0.01671707,3,-0.3007645,-0.02071853,-0.1529641,-0.489197,0.6032407,-0.4020478,0.6066183,-0.01003694,0.901861,-0.8103226,-0.6327235,-0.6496392,-0.1467417,0.6602131,-0.1279164,-0.7913422,0.3667626,-0.01618605,0.6652932,-0.2421282,-0.5628542,-0.7994397,0.5061058,-0.7138818,-0.3443966,-0.2158122,-0.5027007,0.3561569,-0.9501017,0.4095242,0.6443377,0.5967585
1,1,1,1,1,0,0,1,0.505249557795185,0.195299576706647,0.3350132,4,-0.1577264,0.7293154,0.742936,-0.7725687,0.2620765,0.3633771,0.08894864,-0.814848,0.2635569,-0.2019133,0.1899856,0.02352751,-0.5334313,0.08625782,-0.4763527,-0.3251992,0.3507957,-0.5782661,0.5459248,0.154517,-0.5523201,0.1767437,0.2948153,-0.2760187,-0.5699874,0.8052939,-0.372408,0.287036,-0.825505,-0.2339529,0.562493,-0.5631036
1,1,0,2,1,0,0,2,1.08389127932134,0.531775871366267,0.5189812,8,0.8227174,-0.3841968,0.334679,-0.6203347,-0.8821963,-0.08246197,0.004400359,-0.8504969,-0.6985262,-0.05322271,-0.01883715,-0.4899704,0.6133906,-0.1451172,-0.3492645,0.5316468,0.3414154,-0.3641523,-0.539123,-0.5835015,-0.5584134,0.1254326,-0.6441815,-0.008419717,0.4663021,-0.5269185,-0.8231794,0.2943051,-0.9337975,-0.1694046,-0.4611216,0.5116142
1,1,1,3,1,1,0,0,0,0,0.05432071,3,-0.5702672,0.2487834,-0.1123982,0.6781514,-0.5243809,-0.9894582,0.08845161,0.8880421,0.7204165,0.2252632,0.8788469,-0.1787796,0.9036403,0.7838865,-0.7851675,-0.7119544,-0.05028621,-0.2115297,-0.4472821,-0.4165626,-0.725993,-0.5566316,0.86286,-0.7185825,0.4652157,-0.8418742,0.1905434,0.1200838,-0.663798,-0.3443587,-0.2767642,0.8776275
1,1,1,1,1,0,0,1,0.505249557795185,0.195299576706647,0.2667974,4,0.3933721,0.7868299,-0.132319,-0.1883217,0.5405948,-0.7654797,-0.04146584,-0.1985443,0.871023,-0.2551314,0.2373896,-0.2514465,-0.2186275,0.6369928,0.03680354,-0.4950625,-0.6206662,0.3470577,0.229399,-0.5113176,0.2709233,-0.729317,0.1495011,-0.3563069,-0.6845754,0.7501779,0.2941706,-0.2031713,-0.3478165,0.6989533,0.1627553,-0.5923957
1,0,1,2,1,0,0,2,1.08389127932134,0.531775871366267,0.6037468,8,0.7047149,-0.1683208,0.6098682,-0.6951985,-0.4401227,0.95872,0.2491345,-0.8462016,0.01174742,-0.1683832,-0.1662385,0.4245061,-0.4650269,-0.330887,0.06893793,0.1235868,-0.2470976,-0.357792,0.1687815,-0.6982358,-0.3095784,-0.4437176,-0.6219392,-0.2462218,0.0125255,0.1634492,-0.8160951,-0.2038384,-0.6909288,0.4716104,-0.1944349,0.2692451
1,0,1,1,0,1,0,0,0,0,0.02179707,1,-0.4095806,0.5461826,-0.3955586,0.2724915,-0.5206735,-0.7052282,0.05585365,0.2974044,0.392234,-0.4692512,0.6757038,-0.4090697,0.9750289,0.3503128,-0.8740027,-0.4347613,0.717634,-0.7284316,-0.2654738,-0.3721332,-0.8624786,-0.3333694,0.8286217,-0.3302032,0.4964563,-0.7510653,-0.5663542,0.6506878,-0.1420206,0.6492102,0.5326223,0.8466556
1,0,0,3,0,1,1,0,0,0,0.03357148,3,-0.2095135,0.4834257,0.02323072,-0.2473813,0.3015854,-0.8363116,0.4053837,0.2467808,0.8910791,-0.7409829,-0.4966671,-0.8325642,-0.3621883,0.706494,-0.3508019,-0.570075,-0.03329452,0.09887798,0.6006712,0.2215617,-0.3023253,-0.8157618,0.2489549,-0.6526172,-0.462761,-0.0009809431,-0.01756225,0.3177695,-0.9606997,0.1664242,0.6873939,0.649044
1,0,0,2,1,0,0,1,0.599116085603106,0.29499675892981,0.4206648,5,0.2372019,0.5467122,0.7450322,-0.4985197,0.3184143,0.6218987,0.4555718,-0.8676172,-0.1494848,-0.3475066,0.1693742,0.09743415,-0.5854558,0.3958106,-0.3725507,0.1176095,-0.1507991,-0.3005424,0.5150645,-0.1186936,-0.5057788,-0.1216843,-0.2081666,-0.4731352,-0.7335257,0.8249108,-0.6084463,0.3944539,-0.859431,-0.5273201,0.4102776,-0.5209178
1,0,0,1,0,1,0,0,0,0,0.03083639,1,-0.01089548,-0.2176862,-0.2860951,-0.2299124,-0.2771138,-0.4436942,0.3820637,-0.67038,-0.1884309,-0.5695831,0.2098513,-0.3544595,0.9627643,0.3375685,-0.7037544,-0.2717036,0.9392973,-0.8761311,0.2279401,-0.6755016,-0.6941007,-0.3173237,0.655046,-0.2933652,0.8455435,-0.5706295,-0.9118728,0.8570227,-0.963733,0.4539417,-0.4617862,0.1931639
1,1,1,2,0,0,1,1,0.59836559425117,0.294648795527517,0.4125285,5,0.07131194,0.697193,0.349397,-0.7544416,-0.8609473,-0.9894162,-0.5108165,0.3367816,0.7813171,0.4231212,0.0632629,-0.6287818,-0.2872157,0.435831,-0.3959754,-0.70431,-0.5223098,0.2202591,-0.8113312,-0.2358289,-0.86719,-0.0212871,-0.609977,-0.3288393,-0.6048537,-0.4442329,-0.2480137,-0.4173859,-0.883415,-0.1728996,-0.5098075,0.7967228
1,1,1,3,0,0,1,2,0.906326388260549,0.471024569186672,0.6764223,9,0.7751365,-0.1662047,0.6251134,0.5713329,-0.06470609,0.5928366,0.5333089,0.006975746,0.3888769,0.3136676,0.8117083,0.7496393,0.5669643,0.2528876,0.09162557,0.1372426,-0.758453,0.588872,0.00911978,-0.8528801,0.4331353,-0.6375597,0.8147827,-0.5693636,0.02572085,-0.3080791,0.389606,-0.5571662,0.2025961,-0.307342,0.3739076,-0.01083338
1,1,1,1,1,0,1,1,0.505249557795185,0.195299576706647,0.6212372,4,0.001030028,0.6006335,-0.1579799,-0.1045224,-0.3470556,0.545609,-0.6991193,-0.5952489,-0.03426456,-0.2616211,0.8835301,0.07857669,0.4029754,0.2074421,-0.562785,0.2128768,-0.3389488,-0.6485355,0.02651953,-0.3137291,0.1270052,-0.3993621,-0.5941617,0.4683359,-0.08155895,0.8378366,0.4550982,0.2028417,0.2852581,0.8710681,-0.1863708,0.1624481
1,1,0,1,0,0,0,1,0.504440856245787,0.194912539666063,0.4422654,4,0.5431254,-0.9142955,0.1656159,-0.4576605,-0.7119318,0.2287934,0.01341858,-0.7637105,-0.5656936,-0.5409973,0.0649731,-0.6201124,0.5996587,0.0919701,0.1018063,0.1072059,0.3712139,-0.01047698,-0.6729054,-0.704627,-0.4200167,-0.4596382,-0.4505463,0.2894625,0.5029669,-0.6942035,-0.1109043,0.03948759,-0.9008856,0.6475283,0.3458738,0.7099969
1,1,1,2,0,0,0,2,1.08216973130388,0.531125131560161,0.3521547,8,-0.2814569,0.5257805,0.4945763,0.6587903,-0.8739499,-0.9243007,-0.5005873,0.2263087,-0.1091642,-0.00902591,0.9415133,-0.473818,0.1794816,0.6815339,-0.8910999,-0.1836267,-0.1705504,-0.09336165,-0.7528722,0.5134717,-0.8539423,-0.2842424,0.3520372,-0.3563396,-0.3646127,-0.0435942,0.6070781,0.07071221,-0.3647728,-0.2829912,0.01274064,0.810648
1,1,1,3,1,0,1,1,2.59643391797082,0.762781559745421,0.6842331,6,0.6561335,-0.6041617,0.5773016,0.7389736,-0.0007959603,-0.05910215,0.174844,-0.675257,-0.2829714,-0.3741094,0.6869795,-0.1172421,0.001005798,0.7040116,0.285425,0.5601326,-0.5147976,0.5754576,-0.1762566,-0.7792833,0.6594206,-0.824972,-0.0796191,-0.3654653,0.2028841,0.3050641,0.307735,0.05443371,-0.8749197,-0.3148017,0.01047972,-0.1876099
1,1,0,3,1,0,1,2,0.906943823110818,0.471215223298928,0.5108024,9,-0.1254359,-0.2582942,0.1973129,0.5586725,-0.6008087,-0.2665159,-0.6549641,-0.2851888,-0.1205054,0.1152608,0.9322792,0.4129588,0.03738067,0.3990666,-0.2785628,-0.08903715,-0.2329481,-0.4561612,-0.5377989,-0.6465815,-0.1225265,-0.6349874,-0.00732081,-0.1925222,0.4288545,0.2279618,-0.223119,0.2039404,-0.5477216,-0.1276222,-0.9337496,0.483679
1,0,0,1,1,0,0,3,0.505249557795185,0.195299576706647,0.3227917,7,0.4640279,0.06604204,-0.3555965,0.2208888,-0.5166777,-0.8541247,-0.2771999,0.05668134,0.5367721,0.1002687,0.5001435,-0.08158629,0.5816617,0.3513687,0.1015024,-0.4945842,-0.4440161,0.1614735,-0.8095098,-0.8592321,-0.2474471,-0.6424425,0.03113807,-0.04704493,0.07039154,-0.5196066,-0.2950706,-0.2386592,0.008292515,0.6331518,-0.556408,0.3272843
1,0,0,2,1,0,0,4,1.08389127932134,0.531775871366267,0.6760017,8,0.5183167,0.593923,0.3834541,-0.1488233,-0.6165678,0.3646129,0.01905311,0.1026108,0.7139767,0.1935096,0.5074818,0.4010613,-0.3564589,0.2583888,-0.130845,-0.3483599,-0.8469118,0.3341989,-0.403258,-0.5065233,-0.358426,-0.5853897,-0.3671378,-0.1246562,-0.639153,-0.02747156,0.2503306,-0.6544499,0.457717,0.5161847,0.1535009,0.6091078
1,0,0,3,0,0,1,1,2.59876150849607,0.763103578578147,0.7478859,6,0.6159198,-0.5081972,0.5483803,0.4313771,-0.4776086,0.9696505,0.01765804,-0.7007133,-0.3840196,-0.4266775,0.8179598,0.3295419,0.5771691,0.02862385,-0.1873179,0.6109064,-0.4623729,0.06806903,-0.02270626,-0.6917391,0.2013848,-0.5562096,0.09919259,0.1803722,0.1394464,0.09654994,0.5326865,-0.006259806,0.1184402,0.395654,0.646261,0.6207956
1,0,0,3,0,1,0,0,0,0,0.04586056,3,-0.6868922,-0.2371691,-0.2849962,0.8150324,-0.2330802,-0.7038273,-0.2075236,-0.1213425,-0.2799096,-0.7814735,0.8052672,-0.7527118,0.6826399,0.7735124,-0.851886,0.1577226,0.5294443,-0.703712,0.01652814,0.02349642,-0.5468808,-0.7844749,0.04500325,-0.1602719,0.7036831,0.06957775,0.0732844,0.7824395,-0.863885,0.4868067,0.03049265,0.9030343
1,0,1,1,0,0,0,1,0.504440856245787,0.194912539666063,0.1704343,4,-0.0793557,-0.003553696,0.1720987,-0.1443914,-0.01512332,-0.9495788,-0.1966281,-0.6032407,0.4817374,-0.4808384,0.171377,-0.7571857,-0.3877833,0.7514668,-0.001765279,-0.5451074,0.4126544,0.2622158,-0.473781,-0.2008823,-0.481232,-0.5689583,0.2147858,-0.4504406,-0.5130746,0.1348783,-0.2195052,0.4459812,-0.9581485,0.002614209,-0.1740261,-0.1702935
1,0,1,3,0,1,0,0,0,0,0.06425995,3,0.0381942,0.1283447,0.428427,0.2923232,-0.02353517,-0.2204852,0.6414614,0.1150301,0.6357374,-0.2956908,-0.03415157,0.07568198,-0.09934996,0.4188724,-0.3751183,-0.3942754,0.06586725,-0.5562029,0.4460961,-0.5690914,-0.2237349,-0.7873077,0.6102313,-0.7065652,0.7237659,-0.4733024,-0.8009786,0.07493708,-0.9093889,-0.3944482,-0.4286804,0.4857641
1,0,1,2,0,1,0,0,0,0,0.01427556,2,-0.3769884,0.952054,-0.6691626,-0.392309,0.3768918,-0.9493442,0.320002,0.5757932,0.9013035,-0.5031732,-0.1378075,-0.4266358,0.6418667,0.6927522,-0.7154796,-0.7739695,-0.2436516,-0.4675117,0.2024194,-0.4906439,-0.835264,-0.5460364,0.1297073,-0.6718417,-0.650737,0.08216666,-0.8559008,0.3520283,-0.3635282,0.4722694,-0.01194746,0.5497866
1,0,0,1,0,0,0,1,0.504440856245787,0.194912539666063,0.3544675,4,0.4603443,0.1312082,0.6316413,-0.8968421,0.4653946,0.5707114,0.5061792,-0.8300664,0.6949268,-0.04751316,-0.372213,0.4340172,-0.1476763,0.08583961,0.1657411,-0.5847887,0.1589302,-0.1300001,0.5418962,-0.7326348,-0.3210193,-0.1105624,0.2068856,-0.2746277,-0.6293967,0.4446283,-0.2905558,-0.0486264,-0.8487377,0.2863165,0.5755958,-0.6773847
1,1,0,2,1,0,1,1,1.08289355479229,0.531398744823749,0.5614111,5,0.6660211,0.3775441,0.3836784,-0.665134,-0.8902767,0.2650268,-0.3870758,-0.7401792,-0.3358464,0.224462,0.4188648,-0.1443515,0.5054658,-0.3743544,-0.6974712,0.3163488,0.1939065,-0.6715433,-0.3041065,-0.2906396,-0.733142,0.2866285,-0.5050874,-0.01404978,0.3806143,-0.1931776,-0.6803926,0.09170565,-0.5863113,0.1931045,-0.4472365,0.6978357
1,1,1,3,1,1,0,0,0,0,0.05638421,3,-0.1177825,-0.13426,-0.2683551,0.5279815,-0.5175355,-0.9620906,0.2680465,0.757374,0.5661016,-0.1442155,0.671821,-0.5759225,0.9401491,0.6375603,-0.6095809,-0.3391708,-0.1417963,0.1330528,-0.4919995,-0.6347272,-0.5785896,-0.6286896,0.6719452,-0.5979927,0.4833515,-0.9190463,0.06907365,0.07333571,-0.7345808,0.09015548,0.3933087,0.9292625
1,1,1,2,1,0,0,1,0.599116085603106,0.29499675892981,0.2810342,5,0.1266853,0.870294,0.2100251,0.1802325,0.1511404,-0.6962995,-0.08612298,-0.2270127,0.7844564,-0.2582101,0.6145384,-0.2289985,-0.6447896,0.7531353,-0.4915614,-0.3432657,-0.6774589,0.2016079,0.1721178,0.1277303,-0.3334876,-0.6574083,-0.07558683,-0.5240363,-0.8681334,0.8230798,0.3568462,0.1340561,-0.3595177,0.3955782,0.1052503,-0.2239032
1,1,1,2,1,1,0,0,0,0,0.03985492,2,0.4476677,0.007190819,0.07191023,0.09002573,0.2229657,0.8110789,0.7900108,-0.7921492,0.2434679,-0.7632671,-0.5535645,-0.2626065,0.476648,0.4342721,-0.2650316,0.09544904,0.5208312,-0.5839123,0.5840794,-0.7516369,-0.4526922,-0.7864289,0.05719375,-0.5798686,0.510012,-0.2960314,-0.9539206,0.7028251,-0.9212191,0.6072061,0.05422503,0.2984566
1,1,1,1,1,1,0,0,0,0,0.01842633,1,-0.7794373,0.7714777,-0.1697349,-0.7626781,-0.229432,-0.9428067,-0.1066466,0.1234277,0.7209249,-0.652819,0.2984924,-0.7313278,0.727664,0.4989327,-0.8018262,-0.8094841,0.7187953,-0.7872725,0.1027115,0.2064296,-0.9244761,-0.1178646,0.4555356,-0.482909,-0.2355189,-0.2885284,-0.5610805,0.6405544,-0.9241739,0.3005463,0.4336228,0.693934
1,1,1,3,1,1,0,0,0,0,0.03050852,3,0.124497,0.0855846,0.2822286,-0.2656128,0.5704102,-0.7948747,0.7549168,-0.1448382,0.7478115,-0.5741366,-0.6490493,-0.6763206,-0.04146316,0.6477939,-0.4260724,-0.3084821,0.2511443,-0.08622977,0.7474494,-0.3163207,-0.2472196,-0.7640543,0.525129,-0.7190493,0.03438592,-0.1839008,-0.4821968,0.2932555,-0.9849885,-0.4067117,0.5345547,0.3334559
1,1,1,2,1,1,0,0,0,0,0.01803935,2,-0.522301,0.9219757,-0.04190017,-0.4566171,0.6470094,-0.7523087,0.5890675,-0.1197431,0.7729069,-0.4859073,-0.134796,-0.1759589,0.05349537,0.7057895,-0.7904059,-0.7411624,0.2754718,-0.7848917,0.7600096,-0.01856443,-0.8292788,-0.2660964,0.3589183,-0.8104271,-0.4500504,0.6199008,-0.9043175,0.6216514,-0.8837613,-0.1042493,0.02696357,-0.09004238
1,1,1,3,1,1,0,0,0,0,0.0250712,3,0.2114916,0.100588,0.02812246,-0.7774801,0.5908492,-0.5263501,0.7072275,-0.4693053,0.8300866,-0.3396375,-0.8129145,-0.2402421,0.4905829,0.3136783,-0.03152929,-0.6271749,0.6020689,-0.531311,0.7335672,-0.8280697,-0.5074599,-0.4781331,0.4606745,-0.7091791,0.3667293,-0.4724689,-0.93762,0.4886009,-0.9812562,-0.158328,-0.2631277,0.05272237
1,1,1,1,1,0,0,1,0.505249557795185,0.195299576706647,0.4044671,4,-0.02051662,0.8474552,0.4047267,-0.9286765,-0.2366605,-0.7665967,-0.2924621,-0.003171642,0.8046142,0.5575579,0.1744355,0.2479759,0.05248974,-0.05839781,-0.3130745,-0.8132756,-0.3990386,-0.3965724,-0.03125238,-0.2939811,-0.7031764,0.4141964,0.1272815,-0.3618387,-0.4876749,0.3077218,-0.4219121,-0.589558,-0.5577068,-0.07463892,-0.1029826,0.06711879
1,0,1,3,0,1,0,0,0,0,0.04055343,3,0.6213002,0.2454594,-0.2824218,0.1582835,0.4293985,0.03001736,0.6856251,0.2564536,0.7988206,-0.1332695,-0.3551682,0.07526018,0.8495242,0.1992754,-0.2493543,-0.1535617,-0.04590006,-0.04211725,0.6773242,-0.8057385,0.1589993,-0.7523426,0.7634969,-0.6973859,0.6413358,-0.6728191,-0.7187027,-0.05281827,-0.3994057,0.5299467,0.3739436,0.5560619
1,0,0,1,0,0,0,1,0.504440856245787,0.194912539666063,0.4723357,4,-0.3968907,0.8795548,0.2187335,-0.91311,0.1380725,-0.05380487,-0.5602968,-0.3070295,0.7667657,-0.0958724,0.5612777,-0.05189294,-0.3018873,-0.03394001,-0.2892462,-0.5885847,-0.4624566,-0.3804294,0.3228178,0.1755611,-0.5085667,0.1463285,-0.3923405,-0.05460128,-0.8933799,0.8107789,0.3297207,-0.1216245,-0.1420684,0.6261538,0.6768034,-0.01611481
1,0,1,2,0,1,0,0,0,0,0.03181299,2,0.6188675,-0.3068762,-0.1765963,0.1707525,0.05484353,0.7049114,0.8479241,-0.8030708,-0.332413,-0.7646555,-0.704446,-0.7054806,0.7264146,0.3219661,-0.638638,0.4222452,0.7176553,-0.4738362,0.6218761,-0.4297408,-0.5312783,-0.669812,0.2819544,-0.4521111,0.6415917,-0.6046376,-0.8917629,0.6879643,-0.9006932,0.6155348,0.5898057,0.5988308
1,0,1,3,0,1,0,0,0,0,0.03982115,3,-0.8953078,0.637831,0.2806534,-0.4320483,-0.172767,-0.971352,-0.2667778,0.3034286,0.6197441,-0.6038017,0.7029955,-0.753738,0.2992286,0.6968015,-0.8100852,-0.7081773,0.5737988,-0.6801834,0.184428,0.4958505,-0.9067285,-0.1548323,0.356748,-0.638176,-0.3147437,-0.09050492,-0.05115442,0.7162139,-0.9750132,-0.4559531,0.4380984,0.762916
1,0,1,2,0,1,0,0,0,0,0.01827202,2,0.2852552,0.5047337,-0.2065936,0.1841137,0.6789736,-0.8978876,0.8564355,-0.4726829,0.3853747,-0.6796002,-0.6465656,-0.7594229,0.2083867,0.8469647,-0.6710647,-0.1433252,0.3150471,-0.30263,0.6488874,-0.4334943,-0.4627762,-0.7606543,0.2278425,-0.722074,-0.1631854,0.1391045,-0.8231091,0.6358469,-0.9795385,-0.1876291,0.07047839,-0.1344975
1,0,1,1,0,0,0,1,0.504440856245787,0.194912539666063,0.3754438,4,0.05124939,0.4290918,0.6659529,-0.9156144,-0.09552174,-0.2806846,-0.1573837,-0.7061321,0.6535443,0.1631454,0.1949619,0.4193304,-0.1018804,0.1416152,0.1436677,-0.7539815,0.3251193,-0.46466,0.1788721,-0.4813747,-0.6151384,0.2732379,0.1961453,-0.4944174,-0.4040321,0.3841739,-0.7345683,0.06291087,-0.9468959,-0.3077582,-0.3591281,-0.5445993
1,1,0,2,1,1,0,0,0,0,0.03910953,2,0.6295141,0.6686195,-0.4864719,-0.2829791,-0.5241081,-0.7874953,0.5377151,0.2918247,0.6537805,0.1050295,-0.4759659,-0.3036459,0.8571862,0.1675713,-0.6718361,-0.2747893,-0.005532015,-0.5239401,0.02169972,-0.7220284,-0.6343775,-0.4978892,0.1537059,-0.5001469,0.5853772,-0.828667,-0.9110171,0.008854218,-0.5659367,0.3994679,-0.5669065,0.81565
1,1,1,3,1,1,0,0,0,0,0.03737539,3,-0.4734479,0.7881975,-0.0004703402,-0.5311822,0.5792955,-0.822494,0.4366805,0.8162862,0.9750928,-0.173765,0.1497832,0.05476821,0.5620393,0.5876685,-0.3435089,-0.8544576,-0.6052165,0.08947983,0.56678,-0.4971828,-0.6116294,-0.6163594,0.6904652,-0.7869485,-0.622211,-0.2890747,-0.008337216,-0.2737456,-0.4767916,0.277017,0.7749864,0.6672939
1,1,0,1,1,1,0,0,0,0,0.01542315,1,-0.2625654,0.8414112,-0.2505574,-0.33643,0.9429414,0.4995686,0.704845,-0.7421559,0.8339909,-0.7497216,-0.4391401,-0.1613083,0.356407,0.5039308,-0.7651371,-0.5413423,0.7482746,-0.6991351,0.9544135,-0.33433,-0.1995991,-0.7104894,0.7317603,-0.6074106,-0.1670409,0.8824489,-0.6532745,0.720356,-0.768099,0.8553787,0.7287777,-0.6464348
1,1,0,3,1,1,0,0,0,0,0.04259991,3,-0.05739424,-0.2720368,0.2283165,-0.9432389,-0.1911266,-0.3165341,0.3075694,-0.6738901,0.6024129,-0.7586118,-0.8333464,-0.8130437,-0.01980931,-0.1991426,-0.3498186,-0.4461414,0.7543843,-0.8377604,0.6308955,-0.2813312,-0.8039419,-0.2931931,-0.4308669,-0.5516492,0.4858852,-0.5314411,-0.9198582,0.5971604,-0.9954692,-0.01456537,0.2012835,0.7156587
1,1,0,1,1,0,0,1,0.505249557795185,0.195299576706647,0.3059264,4,0.00863477,0.722016,0.5916684,-0.5372812,-0.4181919,-0.8592275,-0.1030561,-0.1207825,0.3266241,0.2233817,0.4772952,-0.316013,0.419003,0.4259537,-0.5077435,-0.557772,-0.07754144,-0.09504237,-0.256763,0.3767846,-0.797406,0.4437201,0.7457541,-0.5158849,-0.5556536,-0.06009023,-0.1882677,-0.1280661,-0.6916029,-0.6691489,0.5345222,0.229634
1,1,1,2,1,1,0,0,0,0,0.03549281,2,0.401667,0.635704,-0.09716086,0.4005436,0.3056291,-0.6069425,0.7135555,-0.13873,0.3966675,-0.4420606,-0.09631661,-0.396903,0.6523533,0.7226245,-0.6497402,0.1602718,0.01771762,-0.3369223,0.6687121,-0.3922181,-0.02360603,-0.7484854,0.1854091,-0.597323,0.2695666,0.1157843,-0.6475983,0.4637727,-0.8708163,0.3201583,0.2099083,0.07160155
1,1,0,3,1,1,0,0,0,0,0.02245187,3,-0.4693071,0.3586011,-0.05839043,-0.6586447,0.4996296,-0.6693715,0.2005322,-0.02296536,0.8915687,-0.5335173,-0.06933868,-0.275371,0.2395411,0.5539765,-0.2048429,-0.7467547,0.4242362,-0.5086344,0.6475608,-0.4996457,-0.5776485,-0.6256799,0.3754784,-0.7461413,-0.2320305,-0.07479125,-0.7544105,0.5720056,-0.9647619,0.03286214,-0.2010157,0.4153928
1,1,1,2,1,1,0,0,0,0,0.01960177,2,-0.1166618,0.8434094,-0.2578622,-0.6372036,0.5084386,-0.835247,0.7540429,-0.1078769,0.8191631,-0.2396334,-0.6590408,-0.2988326,0.1307995,0.5229272,-0.7587462,-0.7247733,0.08886383,-0.6199212,0.5235122,-0.6240911,-0.8288137,-0.4051799,0.05594194,-0.648849,-0.3415439,-0.07862022,-0.8914832,0.296601,-0.8635699,0.08259295,-0.1571898,0.3196788
